 Name,G,MP,PER,TS%,3PAr,FTr,ORB%,DRB%,TRB%,AST%,STL%,BLK%,TOV%,USG%,OWS,DWS,WS,WS/48,OBPM,DBPM,BPM,VORP
Enes Freedom,72,1758,22.4,.636,.007,.292,16.8,31.9,24.2,7.2,0.9,2.4,11.0,17.4,5.7,1.7,7.5,.204,2.1,-1.4,0.6,1.2
Anthony Edwards,72,2314,13.9,.523,.429,.225,2.7,13.5,7.9,14.6,1.7,1.3,10.7,27.0,-0.6,1.4,0.8,.017,-0.4,-1.7,-2.1,-0.1
Dwayne Bacon,72,1853,9.9,.490,.285,.242,1.7,11.2,6.3,7.9,1.2,0.2,5.4,19.8,-0.3,0.9,0.5,.013,-3.7,-1.4,-5.1,-1.5
Bojan Bogdanović,72,2216,14.0,.588,.498,.286,2.0,11.1,6.7,9.1,1.0,0.1,10.9,22.8,2.7,2.5,5.2,.113,0.2,-0.7,-0.4,0.9
Georges Niang,72,1154,11.4,.602,.721,.057,2.7,13.0,8.1,7.3,1.1,0.6,10.9,17.4,1.2,1.4,2.6,.108,-0.4,0.1,-0.3,0.5
Mikal Bridges,72,2348,16.4,.667,.471,.196,3.7,11.1,7.5,8.8,1.6,2.4,7.3,14.9,5.4,2.6,8.0,.164,2.4,0.9,3.3,3.1
Nikola Jokić,72,2488,31.3,.647,.183,.305,9.4,26.1,17.8,40.4,1.9,1.9,13.1,29.6,12.2,3.4,15.6,.301,9.1,3.0,12.1,8.8
Ivica Zubac,72,1609,19.1,.693,.010,.434,13.6,22.4,18.1,7.9,0.7,3.4,14.7,15.1,4.8,2.1,6.9,.206,0.6,0.4,1.0,1.2
RJ Barrett,72,2511,13.4,.535,.292,.260,3.0,14.8,8.9,13.8,1.1,0.8,10.5,23.4,0.9,3.1,4.1,.078,-0.9,-0.3,-1.2,0.5
Duncan Robinson,72,2262,11.0,.628,.855,.105,0.4,12.1,6.3,8.3,0.9,0.9,9.7,16.6,1.9,1.8,3.7,.079,-0.2,-0.8,-1.0,0.6
Justin Holiday,72,2183,10.4,.571,.725,.136,1.6,11.1,6.4,7.0,1.6,1.5,7.5,14.0,1.4,1.8,3.1,.069,-0.9,-0.1,-1.0,0.6
Andrew Wiggins,71,2364,15.0,.568,.348,.225,3.7,11.8,7.8,10.9,1.3,2.6,9.8,23.3,1.2,2.7,3.9,.080,0.0,-0.4,-0.4,1.0
Eric Bledsoe,71,2111,11.5,.533,.486,.267,1.5,11.1,6.3,17.3,1.2,1.1,12.3,18.5,1.1,1.3,2.3,.053,-1.2,-0.9,-2.0,0.0
Buddy Hield,71,2433,12.8,.567,.727,.105,1.3,14.1,7.6,14.7,1.2,1.0,11.1,20.7,1.5,0.7,2.2,.044,1.0,-1.6,-0.6,0.9
Patrick Williams,71,1983,10.5,.562,.261,.237,3.7,14.4,9.1,6.7,1.6,2.0,14.4,14.9,0.3,2.2,2.5,.060,-2.8,0.4,-2.4,-0.2
Royce O'Neale,71,2241,9.9,.599,.706,.117,4.4,18.0,11.5,10.4,1.2,1.2,16.7,9.6,2.3,3.3,5.6,.121,-1.2,2.1,1.0,1.7
Rudy Gobert,71,2187,23.5,.683,.007,.646,12.2,33.5,23.3,6.0,0.9,7.0,13.7,17.0,6.1,5.2,11.3,.248,2.1,2.8,4.9,3.8
Julius Randle,71,2667,19.7,.567,.294,.325,3.5,25.7,14.7,27.2,1.2,0.6,13.8,29.3,3.4,4.3,7.8,.140,2.9,0.9,3.8,3.9
Solomon Hill,71,1513,6.7,.498,.711,.154,3.1,12.2,7.7,6.4,1.6,0.6,11.7,10.4,0.1,1.2,1.3,.040,-3.0,0.5,-2.5,-0.2
Robin Lopez,71,1354,16.7,.661,.042,.322,11.1,10.2,10.6,5.9,0.5,2.7,13.4,17.1,2.8,0.9,3.7,.131,0.2,-1.2,-1.0,0.4
Robert Covington,70,2243,11.2,.553,.699,.122,2.8,19.8,11.1,6.8,2.2,3.4,10.7,11.5,1.4,2.4,3.7,.080,-1.3,1.5,0.2,1.2
Tyus Jones,70,1222,15.0,.511,.339,.109,1.8,10.4,6.1,28.6,2.5,0.4,10.0,16.6,1.5,1.3,2.8,.110,-0.1,0.9,0.8,0.9
Naz Reid,70,1347,18.2,.599,.299,.286,6.4,20.0,12.9,8.7,1.2,4.9,9.5,22.5,1.9,1.3,3.2,.113,-0.1,-0.2,-0.2,0.6
Jae'Sean Tate,70,2043,13.8,.576,.312,.235,6.6,13.2,9.8,13.2,2.0,1.6,12.4,16.4,2.2,1.6,3.8,.088,-1.6,0.3,-1.4,0.3
Saddiq Bey,70,1909,12.6,.567,.666,.213,2.5,16.2,9.3,7.6,1.3,0.6,7.4,18.7,1.6,1.7,3.3,.082,0.3,-0.8,-0.5,0.7
Chris Paul,70,2199,21.4,.599,.294,.206,1.3,14.5,8.0,40.9,2.2,0.8,14.0,22.6,6.5,2.7,9.2,.201,3.5,1.1,4.6,3.6
Tim Hardaway Jr.,70,1985,15.7,.589,.581,.191,1.1,11.5,6.4,9.8,0.8,0.5,6.1,23.4,3.2,1.2,4.3,.105,2.0,-1.7,0.4,1.2
Brook Lopez,70,1902,15.4,.611,.439,.222,6.0,13.0,9.6,3.5,1.0,4.8,8.3,16.9,3.1,2.2,5.3,.133,0.0,0.0,0.0,0.9
Bryn Forbes,70,1354,12.8,.631,.645,.115,0.9,7.6,4.3,4.5,0.8,0.1,7.3,18.5,2.0,0.7,2.7,.096,0.4,-1.7,-1.3,0.2
Carmelo Anthony,69,1690,14.6,.547,.418,.198,2.0,11.8,6.8,9.2,1.3,2.0,6.7,23.1,1.7,0.8,2.6,.073,0.2,-1.3,-1.1,0.4
Montrezl Harrell,69,1580,22.7,.650,.017,.425,11.3,19.1,15.2,7.7,1.4,2.8,9.4,21.7,4.5,2.7,7.3,.221,2.3,0.7,3.0,2.0
Kyle Anderson,69,1887,17.2,.578,.397,.280,2.9,19.5,11.1,18.3,2.1,2.7,10.4,18.5,2.9,2.7,5.6,.143,1.4,1.9,3.3,2.5
Keldon Johnson,69,1968,13.8,.557,.257,.278,4.9,17.6,11.1,8.9,1.0,1.0,9.0,19.2,1.6,1.7,3.3,.079,-0.9,-0.7,-1.6,0.2
Jakob Poeltl,69,1845,17.5,.612,.000,.288,12.4,19.3,15.8,10.1,1.2,5.7,14.6,13.4,3.2,2.5,5.7,.148,-0.5,1.2,0.8,1.3
Coby White,69,2156,12.0,.540,.503,.157,1.5,13.0,7.3,21.8,0.9,0.6,13.9,22.5,0.7,1.7,2.4,.052,-1.2,-1.2,-2.4,-0.2
Deandre Ayton,69,2115,20.3,.653,.029,.252,12.4,26.3,19.5,6.8,1.0,3.4,11.9,18.2,5.3,3.1,8.4,.191,1.1,0.1,1.2,1.7
Joe Harris,69,2141,14.1,.663,.628,.089,2.3,10.1,6.4,8.4,1.0,0.6,7.8,16.2,4.1,1.1,5.2,.117,1.5,-1.2,0.4,1.3
Pat Connaughton,69,1575,11.3,.578,.703,.103,4.4,17.3,11.1,6.3,1.5,1.3,7.5,11.6,1.8,1.7,3.5,.108,-0.5,0.5,0.0,0.8
Kevin Huerter,69,2126,12.2,.541,.528,.088,2.0,9.7,6.0,16.3,1.9,0.7,9.4,17.2,1.9,1.7,3.6,.080,-0.6,0.4,-0.3,1.0
T.J. McConnell,69,1796,16.9,.583,.098,.098,3.3,12.1,7.7,34.3,3.4,1.0,20.9,15.3,2.6,2.2,4.8,.128,-0.2,1.7,1.4,1.5
Terry Rozier,69,2383,17.1,.575,.504,.178,2.1,11.8,6.9,20.0,1.8,1.1,9.5,24.4,3.3,2.0,5.2,.105,2.2,-0.5,1.6,2.2
Danny Green,69,1934,12.1,.582,.794,.074,3.2,11.5,7.4,8.3,2.3,2.6,10.7,14.0,1.6,3.1,4.6,.115,0.4,1.5,1.9,1.9
Dwight Howard,69,1196,17.8,.610,.066,.693,17.8,35.3,26.7,7.2,1.2,4.7,22.1,18.2,1.3,2.6,4.0,.159,-2.1,0.6,-1.5,0.1
Kyle Kuzma,68,1954,12.7,.546,.502,.128,6.3,17.7,12.0,9.8,0.9,1.9,12.4,20.3,0.4,2.9,3.3,.080,-0.4,-0.1,-0.4,0.8
Desmond Bane,68,1519,12.2,.600,.543,.098,2.1,12.6,7.3,10.6,1.3,0.9,10.2,16.1,1.6,1.3,2.9,.093,-0.6,-0.2,-0.8,0.5
Patty Mills,68,1685,11.8,.570,.702,.128,1.1,6.3,3.7,13.5,1.2,0.2,9.3,18.4,1.3,0.8,2.2,.062,0.0,-1.2,-1.2,0.4
Ricky Rubio,68,1772,13.5,.516,.430,.301,1.6,12.4,6.8,33.3,2.6,0.2,16.4,16.0,1.9,1.3,3.1,.085,-1.9,0.0,-1.9,0.0
Thaddeus Young,68,1652,20.3,.578,.068,.171,11.4,16.9,14.2,27.1,2.2,2.1,16.1,22.3,2.8,2.2,5.1,.147,1.9,1.4,3.3,2.2
Isaiah Stewart,68,1455,16.4,.597,.154,.225,12.0,22.7,17.3,6.3,1.3,5.2,13.0,15.5,1.9,2.1,4.0,.132,-1.6,0.5,-1.1,0.3
Jordan Clarkson,68,1818,17.1,.549,.557,.134,2.9,12.7,8.0,15.3,1.6,0.4,9.2,29.7,1.7,2.5,4.2,.111,1.8,-0.4,1.4,1.6
Derrick Favors,68,1039,19.7,.663,.008,.329,14.7,23.3,19.2,6.0,1.5,5.3,11.5,13.0,2.9,2.2,5.1,.237,0.3,2.4,2.6,1.2
Jalen Brunson,68,1697,17.1,.618,.319,.241,1.8,13.1,7.5,21.3,1.0,0.1,10.3,20.2,3.9,1.1,5.1,.143,1.5,-0.6,0.9,1.2
Jeff Green,68,1835,13.0,.624,.472,.304,2.2,13.1,7.9,7.8,0.9,1.3,8.2,15.6,2.9,1.2,4.1,.107,0.0,-0.9,-0.8,0.6
Khris Middleton,68,2269,18.2,.588,.340,.220,2.6,15.7,9.4,23.2,1.5,0.4,13.1,25.0,4.1,2.2,6.4,.135,1.7,-0.3,1.3,1.9
Damian Lillard,67,2398,25.6,.623,.528,.363,1.4,11.5,6.3,34.6,1.3,0.6,11.6,31.4,9.6,0.8,10.4,.209,7.5,-1.3,6.3,5.0
Kentavious Caldwell-Pope,67,1902,10.7,.588,.579,.221,1.6,8.9,5.3,9.2,1.6,1.2,10.6,14.2,1.6,2.6,4.2,.107,-1.6,1.0,-0.5,0.7
Dillon Brooks,67,1997,12.1,.515,.361,.189,2.8,7.7,5.2,11.7,1.9,1.2,9.6,26.1,-0.5,1.8,1.4,.033,-2.6,-1.1,-3.7,-0.9
Dejounte Murray,67,2139,16.5,.509,.204,.138,2.8,21.1,11.8,25.9,2.3,0.3,10.2,23.4,0.7,2.6,3.3,.074,-0.2,1.0,0.8,1.5
Kent Bazemore,67,1333,10.6,.564,.469,.199,2.1,16.0,9.1,11.1,2.4,2.2,16.1,16.3,-0.2,2.1,1.8,.065,-2.9,1.7,-1.2,0.2
Isaac Okoro,67,2173,7.9,.514,.383,.281,3.4,7.3,5.3,8.6,1.4,1.0,12.0,14.3,-0.1,1.0,0.9,.020,-4.2,-0.9,-5.1,-1.7
Joe Ingles,67,1867,15.9,.672,.722,.160,1.6,11.8,6.9,24.0,1.2,0.5,16.3,16.6,4.7,2.3,7.0,.180,2.6,0.9,3.5,2.6
Devin Booker,67,2270,19.2,.587,.288,.305,1.7,12.1,7.0,20.6,1.2,0.6,12.4,32.7,2.9,2.0,4.9,.104,1.7,-1.4,0.3,1.3
Nicolas Batum,67,1835,12.9,.617,.660,.141,3.2,15.9,9.7,10.5,1.9,1.8,10.8,11.8,2.7,2.3,5.0,.132,0.6,1.5,2.1,1.9
Reggie Jackson,67,1544,14.2,.576,.482,.140,1.8,11.9,7.0,19.0,1.3,0.4,10.6,19.9,2.3,1.4,3.7,.115,0.6,-0.2,0.4,0.9
Terance Mann,67,1263,13.8,.603,.260,.269,5.1,16.1,10.8,11.3,1.1,0.9,9.3,15.1,2.4,1.3,3.7,.141,-0.5,0.3,-0.2,0.6
Kenrich Williams,66,1426,14.0,.599,.285,.153,6.1,14.0,10.0,16.4,1.8,1.1,14.8,15.3,1.6,1.2,2.8,.096,-1.2,0.5,-0.7,0.4
Luka Dončić,66,2262,25.3,.587,.406,.349,2.7,22.9,12.8,44.1,1.4,1.5,15.3,36.0,5.1,2.6,7.7,.163,6.1,0.7,6.8,5.1
Donte DiVincenzo,66,1814,13.0,.542,.574,.118,4.9,16.7,11.0,14.2,1.9,0.7,12.5,16.7,1.5,2.1,3.6,.095,-0.2,0.4,0.3,1.0
Bobby Portis,66,1372,19.9,.598,.263,.122,9.9,25.3,17.9,7.4,1.8,1.7,8.2,20.9,2.8,2.0,4.8,.167,1.8,-0.4,1.5,1.2
Payton Pritchard,66,1268,12.4,.582,.593,.108,2.9,11.1,6.9,13.3,1.4,0.7,10.8,16.7,1.6,0.9,2.5,.095,-0.3,-0.4,-0.7,0.4
Doug McDermott,66,1619,15.6,.635,.430,.147,4.0,10.7,7.4,7.8,0.6,0.3,7.0,20.0,3.1,0.7,3.8,.112,1.4,-2.0,-0.6,0.6
Aaron Holiday,66,1176,9.2,.503,.417,.190,1.4,6.8,4.1,14.0,1.8,0.9,12.3,19.5,-0.6,0.8,0.2,.009,-3.3,-0.9,-4.2,-0.7
Miles Bridges,66,1932,14.7,.625,.466,.182,4.5,18.0,11.1,11.4,1.1,2.7,13.6,17.3,2.4,1.9,4.2,.105,0.2,0.1,0.2,1.1
Bismack Biyombo,66,1349,11.7,.574,.004,.434,10.8,17.1,13.9,8.3,0.6,5.4,19.8,11.5,0.9,1.4,2.3,.081,-3.4,0.4,-3.0,-0.4
Talen Horton-Tucker,65,1304,12.9,.536,.268,.264,2.2,12.3,7.3,20.8,2.4,1.4,16.1,21.7,-0.1,2.2,2.1,.078,-2.6,1.5,-1.2,0.3
Théo Maledon,65,1778,8.2,.489,.510,.220,1.4,11.0,6.2,18.8,1.5,0.5,17.3,19.4,-1.9,1.1,-0.8,-0.021,-4.0,-1.0,-5.0,-1.3
Facundo Campazzo,65,1425,11.6,.558,.686,.289,1.8,8.9,5.3,20.2,2.7,1.0,17.1,13.1,1.6,1.5,3.1,.105,-1.7,1.2,-0.6,0.5
Bruce Brown,65,1451,16.1,.604,.139,.277,8.9,17.2,13.3,9.8,1.9,1.7,10.2,15.9,2.8,1.5,4.4,.144,-0.4,0.2,-0.1,0.7
Reggie Bullock,65,1949,11.1,.606,.709,.098,0.9,11.4,6.2,7.4,1.3,0.5,7.1,14.4,2.3,2.3,4.6,.114,-0.9,0.8,-0.1,0.9
Russell Westbrook,65,2369,19.5,.509,.221,.334,4.9,28.6,16.8,48.6,1.7,0.8,18.0,30.2,0.5,3.2,3.7,.075,2.6,1.1,3.7,3.4
Matisse Thybulle,65,1298,10.1,.508,.588,.074,2.6,7.8,5.3,6.3,3.9,4.9,11.3,9.4,0.1,2.7,2.8,.102,-2.6,4.5,1.9,1.3
Anfernee Simons,64,1104,12.3,.589,.703,.142,1.3,12.5,6.8,11.4,0.8,0.6,9.2,18.3,1.5,0.3,1.8,.078,0.6,-1.6,-1.0,0.3
Jarred Vanderbilt,64,1139,16.2,.612,.021,.432,10.8,24.7,17.5,9.3,2.7,3.5,15.9,12.3,1.6,1.5,3.1,.132,-1.4,1.4,-0.1,0.5
Nerlens Noel,64,1547,14.8,.638,.013,.314,10.1,18.4,14.3,4.1,2.3,8.7,20.4,9.2,1.6,3.6,5.2,.162,-2.4,3.8,1.4,1.3
Immanuel Quickley,64,1243,15.8,.557,.522,.300,2.2,9.7,6.0,16.2,1.2,0.9,8.1,25.6,1.8,1.4,3.2,.125,1.4,-0.5,0.9,0.9
Bam Adebayo,64,2143,22.7,.626,.010,.443,7.7,22.6,15.3,26.9,1.7,3.2,15.0,23.7,5.6,3.2,8.8,.197,2.9,2.0,4.9,3.7
Jayson Tatum,64,2290,21.3,.576,.368,.258,2.4,20.7,11.5,20.3,1.6,1.3,10.4,30.8,4.1,2.5,6.5,.137,4.2,-0.3,3.9,3.4
Raul Neto,64,1403,13.0,.575,.367,.190,2.1,9.6,5.9,14.0,2.4,0.4,9.9,15.8,1.5,1.3,2.8,.097,-1.4,0.9,-0.6,0.5
Garrison Mathews,64,1038,9.7,.635,.835,.401,1.6,7.2,4.4,3.1,1.3,0.6,3.5,11.5,1.7,0.6,2.3,.108,-1.7,-0.1,-1.8,0.1
P.J. Washington,64,1954,13.4,.549,.423,.211,5.1,18.3,11.6,12.2,1.7,4.0,14.6,19.4,0.3,2.4,2.7,.066,-1.5,0.6,-0.9,0.6
Ja Morant,63,2053,16.7,.537,.252,.389,3.0,10.1,6.5,33.5,1.3,0.6,15.3,27.2,1.6,1.6,3.2,.074,1.3,-1.6,-0.4,0.8
Rudy Gay,63,1358,14.7,.532,.443,.162,3.2,20.9,11.9,9.7,1.6,2.5,8.8,23.6,0.0,1.7,1.7,.059,-0.1,0.0,-0.1,0.6
Stephen Curry,63,2152,26.3,.655,.587,.289,1.5,15.4,8.5,30.5,1.7,0.3,12.2,34.8,6.5,2.5,9.0,.201,8.3,0.4,8.7,5.8
Draymond Green,63,1982,13.3,.530,.332,.232,3.0,20.9,12.1,36.4,2.5,2.3,31.0,13.1,1.2,3.4,4.6,.112,-1.6,3.3,1.7,1.9
Jaden McDaniels,63,1511,8.9,.552,.540,.123,3.6,13.4,8.3,6.4,1.1,3.4,10.8,12.0,0.5,0.9,1.4,.046,-3.3,-0.2,-3.5,-0.6
Dean Wade,63,1212,11.3,.573,.685,.125,3.4,16.8,9.9,8.9,1.4,1.5,8.4,12.9,1.1,0.9,2.0,.080,-1.1,-0.1,-1.3,0.2
Luke Kennard,63,1232,12.7,.608,.541,.075,1.4,13.0,7.3,11.9,0.9,0.7,10.1,17.1,1.6,1.1,2.7,.105,0.3,-0.5,-0.2,0.6
Elfrid Payton,63,1484,11.7,.478,.158,.172,4.7,11.0,7.9,21.6,1.6,0.6,13.3,23.2,-0.9,1.9,1.0,.032,-2.9,-0.1,-3.0,-0.4
Trae Young,63,2125,23.0,.589,.357,.491,2.0,10.5,6.3,45.5,1.2,0.5,16.2,33.0,5.9,1.3,7.2,.163,5.3,-1.7,3.7,3.0
Clint Capela,63,1898,24.3,.601,.000,.327,17.5,34.3,26.1,4.1,1.1,6.0,8.4,19.9,4.9,3.3,8.2,.207,2.7,0.0,2.7,2.2
John Collins,63,1848,20.6,.645,.270,.265,7.1,20.3,13.8,6.9,0.9,3.0,8.9,22.2,4.8,1.9,6.7,.174,2.5,-0.2,2.3,2.0
Andre Iguodala,63,1339,9.2,.519,.734,.153,3.3,15.4,9.4,14.3,2.1,2.7,20.2,11.2,-0.1,1.8,1.7,.062,-2.2,1.8,-0.4,0.5
Grant Williams,63,1138,7.5,.546,.522,.206,4.7,12.8,8.7,7.4,1.4,2.0,17.2,12.3,0.1,1.0,1.1,.046,-4.0,0.3,-3.7,-0.5
Shake Milton,63,1461,14.6,.549,.304,.264,2.5,8.5,5.6,20.3,1.3,1.1,12.2,24.9,1.1,1.6,2.8,.091,-0.7,-1.0,-1.6,0.1
Jonas Valančiūnas,62,1755,24.4,.636,.077,.273,15.1,31.9,23.4,10.0,1.0,2.9,10.7,22.4,5.1,2.6,7.8,.213,3.2,-0.3,3.0,2.2
Devin Vassell,62,1056,10.6,.524,.495,.168,2.4,15.4,8.8,7.1,2.0,1.4,6.3,14.3,0.4,1.1,1.5,.069,-2.2,0.7,-1.5,0.1
Denzel Valentine,62,1036,10.1,.479,.582,.041,2.6,18.3,10.5,14.0,1.4,0.6,9.0,19.5,-0.4,1.1,0.7,.032,-2.2,-0.4,-2.7,-0.2
Josh Jackson,62,1560,12.0,.516,.364,.308,4.0,14.2,9.1,15.1,1.7,2.6,15.0,26.5,-1.6,1.7,0.1,.004,-2.5,-0.5,-3.0,-0.4
Trey Burke,62,911,12.6,.544,.465,.161,1.2,5.3,3.3,12.9,1.9,0.7,8.0,20.0,0.7,0.7,1.4,.071,-1.4,-0.4,-1.8,0.0
Obi Toppin,62,683,12.7,.574,.407,.124,4.2,17.6,11.0,6.4,1.2,2.1,9.4,15.9,0.5,1.0,1.5,.109,-1.4,0.7,-0.7,0.2
Domantas Sabonis,62,2231,20.6,.601,.179,.363,7.3,28.6,18.0,27.5,1.6,1.2,16.9,24.1,4.0,3.0,6.9,.149,2.3,1.6,3.8,3.3
Tobias Harris,62,2014,20.0,.597,.225,.221,3.5,19.2,11.4,17.6,1.3,2.3,9.5,23.9,4.1,3.1,7.1,.170,2.9,0.8,3.7,2.9
Dennis Schröder,61,1956,13.8,.543,.279,.320,1.7,10.3,6.1,26.9,1.7,0.6,15.8,22.9,1.0,2.7,3.8,.093,-1.3,0.1,-1.2,0.4
Markieff Morris,61,1200,9.3,.509,.553,.132,4.5,20.3,12.5,8.6,0.9,1.4,11.9,16.4,-0.2,1.8,1.6,.062,-2.9,0.3,-2.6,-0.2
DeMar DeRozan,61,2056,22.0,.591,.080,.478,2.0,11.6,6.7,32.0,1.3,0.6,9.7,26.1,5.9,1.5,7.4,.172,3.2,-0.1,3.1,2.6
Kevon Looney,61,1161,11.9,.575,.086,.244,10.9,18.6,14.8,13.4,0.8,1.7,14.5,9.4,2.0,1.4,3.4,.139,-1.8,1.0,-0.9,0.3
Brandon Ingram,61,2093,19.2,.584,.341,.291,1.8,13.7,7.8,22.4,1.0,1.6,11.0,28.0,3.9,1.3,5.3,.120,3.3,-1.1,2.2,2.2
Zion Williamson,61,2026,27.1,.649,.033,.510,8.9,14.7,11.8,19.7,1.3,1.8,11.6,29.8,7.1,1.6,8.7,.205,6.1,-0.3,5.8,4.0
Richaun Holmes,61,1782,20.2,.669,.019,.296,8.8,22.7,15.7,8.3,1.1,4.6,10.3,17.5,4.7,1.4,6.1,.165,0.6,0.0,0.6,1.2
Isaiah Roby,61,1425,11.9,.555,.254,.273,6.4,18.6,12.4,11.4,1.7,2.3,19.0,17.7,-0.3,1.5,1.3,.043,-3.7,0.4,-3.3,-0.5
Stanley Johnson,61,1006,8.8,.519,.588,.236,3.1,14.1,8.4,12.0,2.5,1.8,17.4,13.4,-0.1,1.1,1.0,.048,-3.8,1.2,-2.5,-0.1
Michael Porter Jr.,61,1912,20.6,.663,.468,.164,5.4,20.9,13.2,5.6,1.0,2.8,8.1,21.7,4.8,2.1,6.9,.173,4.0,-0.9,3.1,2.5
Landry Shamet,61,1403,10.3,.578,.730,.171,0.9,7.6,4.4,9.3,1.1,0.6,8.9,16.7,1.2,0.6,1.8,.063,-1.0,-1.5,-2.4,-0.2
Giannis Antetokounmpo,61,2013,29.2,.633,.201,.528,5.3,28.9,17.5,28.7,1.7,3.2,13.2,32.5,6.9,3.3,10.2,.244,6.2,2.8,9.0,5.6
Precious Achiuwa,61,737,14.2,.550,.004,.482,11.5,20.6,16.1,6.1,1.3,4.0,13.5,19.5,0.3,1.0,1.3,.085,-3.6,-0.5,-4.1,-0.4
Tyrese Maxey,61,935,14.5,.531,.240,.163,1.3,10.8,6.1,19.9,1.3,1.2,8.2,23.0,0.8,1.1,1.9,.099,-1.0,-0.5,-1.5,0.1
Lonnie Walker IV,60,1522,9.8,.523,.463,.115,1.0,10.1,5.4,9.6,0.9,0.8,9.2,20.1,-0.5,0.9,0.4,.012,-2.3,-1.4,-3.7,-0.7
Mychal Mulder,60,766,10.8,.613,.808,.083,1.1,7.1,4.2,4.8,0.7,1.4,5.5,16.2,0.6,0.6,1.2,.075,-0.6,-1.2,-1.8,0.0
Jaxson Hayes,60,964,19.1,.675,.050,.429,10.4,18.6,14.5,5.2,1.2,3.7,10.5,16.2,2.6,1.0,3.5,.176,0.6,0.0,0.6,0.6
Chris Boucher,60,1453,21.9,.634,.420,.345,8.5,22.5,15.3,6.9,1.2,7.6,6.7,20.5,4.0,2.1,6.1,.201,2.7,0.6,3.3,2.0
Collin Sexton,60,2115,18.0,.573,.239,.347,3.0,7.0,4.9,22.6,1.4,0.4,11.6,29.7,2.6,0.9,3.5,.080,1.8,-1.9,-0.2,1.0
Jae Crowder,60,1648,11.8,.574,.772,.152,2.2,16.9,9.7,10.0,1.4,1.5,9.5,15.7,1.4,1.9,3.3,.097,0.3,0.8,1.1,1.3
Cameron Johnson,60,1437,11.8,.563,.694,.122,2.6,12.9,7.9,8.0,1.3,1.0,7.3,17.0,1.2,1.4,2.6,.086,0.0,-0.2,-0.2,0.7
Cameron Payne,60,1079,17.4,.602,.420,.142,1.7,13.2,7.6,28.1,1.6,1.3,12.5,19.8,2.4,1.2,3.6,.158,2.1,1.0,3.1,1.4
Jevon Carter,60,717,12.2,.548,.677,.031,2.6,11.8,7.3,13.0,2.0,1.1,6.6,15.0,0.7,0.8,1.6,.104,-0.4,0.9,0.5,0.5
Dorian Finney-Smith,60,1921,12.0,.609,.648,.088,5.7,13.0,9.3,7.2,1.3,1.2,9.0,12.2,2.8,1.6,4.4,.110,0.2,0.0,0.1,1.0
Bradley Beal,60,2147,22.7,.593,.270,.332,3.6,10.4,7.0,21.3,1.5,0.9,10.6,34.1,4.2,1.7,5.9,.132,4.8,-1.4,3.4,2.9
Brandon Clarke,59,1415,17.3,.560,.156,.228,7.2,17.5,12.3,9.5,2.0,3.2,5.7,17.2,2.2,2.0,4.2,.142,0.4,1.2,1.5,1.3
Xavier Tillman Sr.,59,1085,14.7,.605,.217,.177,7.2,18.0,12.5,9.4,1.9,2.7,12.3,14.3,1.4,1.5,2.9,.127,-1.3,1.1,-0.2,0.5
Josh Okogie,59,1197,9.1,.524,.425,.425,5.5,8.7,7.1,7.0,2.1,2.0,12.5,12.1,0.5,0.8,1.3,.051,-3.7,0.3,-3.3,-0.4
Cedi Osman,59,1510,10.3,.488,.553,.162,2.8,12.4,7.5,17.7,1.7,0.5,11.3,20.4,-0.5,1.0,0.5,.014,-2.3,-0.9,-3.2,-0.5
Josh Richardson,59,1790,11.9,.537,.432,.175,3.2,8.8,6.0,12.1,1.7,1.2,10.6,18.4,1.0,1.4,2.4,.066,-1.5,-0.2,-1.7,0.1
Jrue Holiday,59,1907,20.0,.592,.344,.165,4.2,10.4,7.4,26.3,2.4,1.7,12.6,22.2,4.3,2.2,6.6,.165,2.8,0.6,3.4,2.6
Derrick Jones Jr.,58,1318,11.9,.576,.447,.299,6.1,10.7,8.3,4.8,1.4,3.7,8.5,12.3,1.6,0.8,2.4,.089,-1.4,0.0,-1.4,0.2
Alex Caruso,58,1216,11.1,.547,.449,.249,2.9,12.8,7.9,18.1,2.6,1.1,18.3,14.8,0.3,2.1,2.4,.095,-2.5,2.5,0.0,0.6
Wesley Matthews,58,1130,7.2,.517,.782,.163,2.0,7.2,4.6,6.3,1.6,1.3,8.8,11.4,0.2,1.5,1.7,.073,-3.1,1.4,-1.7,0.1
Steven Adams,58,1605,15.1,.596,.010,.438,14.4,20.4,17.4,9.1,1.6,2.2,17.5,11.7,2.3,1.7,4.0,.119,-0.4,0.1,-0.3,0.7
Harrison Barnes,58,2102,15.4,.626,.399,.366,3.3,17.2,10.2,13.0,1.0,0.4,11.1,17.2,4.0,0.5,4.5,.103,1.5,-1.3,0.2,1.1
De'Aaron Fox,58,2036,20.7,.565,.288,.376,1.8,9.4,5.5,32.7,2.1,1.1,11.9,31.0,3.4,0.8,4.2,.098,3.1,-1.3,1.8,2.0
Tyrese Haliburton,58,1746,16.2,.585,.478,.090,2.4,8.6,5.5,24.6,2.1,1.4,12.5,18.1,2.8,0.7,3.5,.096,1.9,-0.5,1.4,1.5
Zach LaVine,58,2034,21.5,.634,.425,.265,2.0,13.6,7.9,23.4,1.1,1.2,13.9,31.0,4.0,1.8,5.9,.138,4.9,-0.8,4.0,3.1
Tomáš Satoranský,58,1307,13.8,.614,.359,.240,2.6,9.4,6.0,27.9,1.5,0.9,20.9,15.2,1.9,1.1,3.1,.113,-0.6,0.1,-0.5,0.5
JaMychal Green,58,1120,13.6,.590,.529,.152,8.6,19.4,14.0,6.4,1.1,1.9,11.7,17.6,1.4,1.2,2.6,.110,-0.5,-1.0,-1.5,0.1
Dwight Powell,58,966,16.8,.688,.108,.639,9.2,17.4,13.3,8.9,1.8,2.9,13.9,13.2,2.6,1.2,3.8,.188,-0.7,1.3,0.6,0.6
Timothé Luwawu-Cabarrot,58,1050,7.8,.493,.671,.121,3.1,10.1,6.8,8.6,1.5,0.5,10.3,17.4,-0.3,0.7,0.3,.015,-3.2,-1.2,-4.4,-0.6
Jaylen Brown,58,1999,19.9,.586,.370,.225,3.9,15.5,9.7,16.5,1.8,1.5,11.5,29.7,2.8,2.0,4.8,.115,3.2,-0.7,2.5,2.3
Ben Simmons,58,1877,18.3,.584,.017,.492,5.6,18.7,12.2,31.3,2.4,1.7,19.6,20.2,2.7,3.3,6.0,.153,0.7,2.2,2.9,2.3
Damion Lee,57,1079,11.8,.636,.708,.161,2.2,15.4,8.9,9.1,1.7,0.7,9.3,12.8,1.4,1.3,2.7,.119,-0.7,0.9,0.2,0.6
Marcus Morris,57,1502,14.5,.614,.507,.152,2.7,14.5,8.8,5.6,1.1,0.9,8.4,20.1,2.1,1.5,3.6,.115,0.9,-0.8,0.0,0.8
DeAndre Jordan,57,1246,17.1,.736,.004,.369,10.9,26.1,18.9,10.1,0.7,4.6,22.7,13.1,2.4,1.5,3.9,.152,0.1,1.0,1.0,0.9
Thanasis Antetokounmpo,57,551,10.3,.523,.212,.358,10.7,12.9,11.8,10.3,1.9,1.6,21.3,15.3,0.0,0.6,0.7,.057,-3.7,0.2,-3.5,-0.2
Rui Hachimura,57,1797,11.4,.549,.211,.248,2.9,15.5,9.2,6.3,1.1,0.3,8.6,18.1,0.7,1.4,2.1,.056,-2.2,-1.0,-3.1,-0.5
Dāvis Bertāns,57,1464,11.4,.620,.895,.241,1.3,10.8,6.1,4.4,1.0,0.7,5.9,15.9,2.1,1.0,3.1,.101,0.3,-1.1,-0.8,0.4
Alex Len,57,903,17.5,.643,.071,.410,9.2,20.0,14.6,7.2,1.0,5.4,12.9,16.7,1.6,1.2,2.8,.147,-0.7,0.9,0.2,0.5
Seth Curry,57,1638,12.9,.607,.507,.139,0.7,8.3,4.6,13.6,1.3,0.4,10.0,17.1,2.3,1.7,4.0,.118,0.1,-0.4,-0.3,0.7
Garrett Temple,56,1528,8.2,.525,.525,.131,2.1,9.4,5.8,10.5,1.4,1.7,12.6,13.1,0.2,1.4,1.6,.050,-3.3,0.3,-3.1,-0.4
Pascal Siakam,56,2006,17.7,.547,.256,.313,5.0,17.6,11.1,20.5,1.5,1.8,10.6,26.3,2.3,2.0,4.2,.101,1.0,-0.3,0.8,1.4
Mason Plumlee,56,1499,18.7,.638,.018,.444,10.6,28.1,19.3,21.0,1.4,2.9,18.7,16.3,3.0,2.1,5.1,.164,0.2,2.0,2.2,1.6
Sekou Doumbouya,56,869,6.9,.459,.408,.227,4.9,13.5,9.2,8.0,1.4,0.9,12.4,17.8,-0.9,0.7,-0.2,-0.012,-5.4,-1.3,-6.7,-1.0
Will Barton,56,1736,11.8,.538,.423,.199,2.6,12.2,7.4,14.1,1.4,1.3,12.7,19.0,0.7,1.5,2.2,.061,-1.0,-0.8,-1.9,0.1
Paul Millsap,56,1162,16.4,.565,.357,.244,7.4,18.1,12.8,11.6,2.2,3.0,10.3,18.6,1.7,1.6,3.2,.133,0.3,0.7,1.0,0.9
Kendrick Nunn,56,1650,14.2,.596,.486,.091,1.5,10.8,6.2,14.5,1.6,0.9,10.5,20.9,1.4,1.5,2.9,.084,-0.1,-0.4,-0.5,0.6
Semi Ojeleye,56,950,8.3,.553,.715,.145,3.6,13.7,8.6,5.1,0.9,0.0,8.2,11.6,0.7,0.6,1.2,.063,-1.7,-0.7,-2.4,-0.1
Malcolm Brogdon,56,1930,17.9,.561,.382,.181,3.3,13.2,8.3,25.7,1.2,0.6,9.8,25.9,2.9,1.3,4.2,.105,3.0,-0.9,2.1,2.0
Kelly Oubre Jr.,55,1687,13.3,.529,.394,.244,5.2,15.4,10.4,6.5,1.6,2.2,8.0,22.1,0.0,2.2,2.2,.062,-1.4,-0.5,-1.9,0.0
Lonzo Ball,55,1747,15.2,.551,.650,.091,2.1,14.3,8.2,25.4,2.3,1.7,14.5,20.5,1.5,1.7,3.2,.089,1.4,0.3,1.7,1.6
Darius Bazley,55,1714,9.7,.491,.414,.258,3.1,21.2,12.0,8.9,0.8,1.3,13.7,22.1,-2.3,1.4,-0.9,-0.026,-3.1,-1.3,-4.4,-1.0
Devonte' Graham,55,1659,14.6,.552,.713,.236,1.4,8.4,4.8,26.3,1.4,0.4,10.2,21.4,2.5,0.9,3.4,.099,1.8,-1.1,0.7,1.1
Furkan Korkmaz,55,1062,12.8,.544,.634,.193,1.8,9.8,5.9,11.1,2.2,0.8,9.1,20.5,0.6,1.5,2.0,.092,-0.3,0.2,-0.1,0.5
Drew Eubanks,54,755,17.9,.618,.010,.517,10.2,24.0,17.0,7.9,1.2,5.5,15.2,17.1,1.2,1.1,2.3,.145,-1.0,1.0,0.0,0.4
Kira Lewis Jr.,54,904,10.3,.477,.356,.151,1.4,7.1,4.3,18.7,2.0,1.0,8.6,18.3,0.2,0.6,0.9,.045,-3.2,-0.2,-3.4,-0.3
Darius Garland,54,1790,14.2,.547,.332,.165,1.4,6.8,4.0,30.9,1.8,0.3,16.0,24.9,0.3,0.9,1.2,.033,0.0,-2.1,-2.1,-0.1
Jerami Grant,54,1829,16.9,.556,.353,.368,2.1,13.2,7.6,14.3,0.9,2.8,9.1,28.5,1.6,1.6,3.2,.083,1.9,-0.8,1.1,1.4
Miye Oni,54,519,6.4,.517,.889,.061,4.9,11.9,8.6,6.8,1.0,1.2,13.6,9.8,0.2,0.7,0.9,.081,-3.0,1.3,-1.7,0.0
Paul George,54,1821,20.5,.598,.437,.239,2.9,18.9,11.1,24.6,1.7,1.2,14.5,30.0,3.0,2.3,5.3,.139,3.9,0.3,4.2,2.9
Kyrie Irving,54,1886,24.4,.614,.348,.201,3.2,11.4,7.5,28.6,1.9,1.7,9.9,30.4,5.8,1.6,7.4,.189,5.7,-0.2,5.5,3.6
Tyler Herro,54,1635,13.3,.543,.425,.167,1.8,16.7,9.4,18.0,1.1,1.1,11.9,23.5,0.1,1.6,1.7,.049,-0.3,-1.0,-1.3,0.3
Tristan Thompson,54,1287,14.2,.540,.009,.368,14.5,23.5,19.0,7.2,0.9,2.4,14.1,14.8,1.5,1.4,2.9,.107,-1.5,-1.0,-2.5,-0.2
Deni Avdija,54,1257,7.6,.515,.538,.144,1.9,20.2,11.0,6.3,1.2,1.0,9.0,12.0,0.0,1.2,1.2,.046,-3.6,0.4,-3.1,-0.4
Juan Toscano-Anderson,53,1107,12.6,.676,.440,.148,2.8,19.5,11.3,18.1,1.7,2.1,21.5,11.0,1.4,1.6,3.0,.130,-1.4,2.2,0.8,0.8
Aron Baynes,53,980,10.5,.503,.339,.135,9.4,21.7,15.3,7.0,0.8,2.3,12.5,16.2,0.1,0.9,1.0,.049,-3.4,-1.1,-4.5,-0.6
Donovan Mitchell,53,1771,21.3,.569,.423,.290,3.1,10.6,7.0,26.7,1.4,0.7,10.7,33.5,3.9,2.2,6.2,.167,4.6,-0.2,4.3,2.8
Willie Cauley-Stein,53,906,14.3,.647,.060,.429,8.1,20.5,14.3,5.3,1.1,4.4,11.8,12.0,1.6,1.2,2.8,.147,-2.2,0.9,-1.3,0.2
Edmond Sumner,53,861,12.7,.626,.312,.294,2.3,9.5,5.9,7.9,1.8,0.9,13.8,18.3,0.7,0.7,1.4,.077,-2.3,-0.5,-2.8,-0.2
Caleb Martin,53,818,9.5,.465,.488,.250,4.0,14.8,9.3,11.5,2.2,1.5,10.4,16.7,-0.4,0.9,0.5,.030,-3.6,0.2,-3.4,-0.3
Marc Gasol,52,993,12.2,.606,.629,.258,4.3,19.9,12.2,14.7,1.3,5.2,19.7,11.8,0.8,1.9,2.8,.133,-1.4,3.7,2.3,1.1
De'Anthony Melton,52,1045,15.2,.568,.537,.130,3.0,13.4,8.2,17.5,2.7,2.7,13.7,19.5,0.7,1.5,2.2,.103,0.6,1.7,2.3,1.1
Juancho Hernangómez,52,900,12.1,.549,.562,.324,5.2,20.0,12.3,5.6,1.0,0.7,7.3,17.2,0.6,0.5,1.1,.060,-1.1,-1.8,-2.9,-0.2
Luguentz Dort,52,1543,10.1,.513,.515,.257,2.5,10.3,6.4,8.8,1.4,1.1,10.0,21.7,-0.6,1.0,0.3,.011,-2.6,-0.9,-3.5,-0.6
Fred VanVleet,52,1899,16.8,.534,.547,.220,1.8,11.3,6.4,26.7,2.2,2.0,9.1,23.9,2.4,1.8,4.3,.108,2.2,0.2,2.5,2.2
Kawhi Leonard,52,1773,26.0,.622,.280,.325,3.6,17.4,10.7,24.9,2.3,1.1,9.2,28.6,6.4,2.4,8.8,.238,6.0,1.3,7.3,4.2
Jimmy Butler,52,1745,26.5,.607,.139,.565,6.3,17.1,11.8,35.1,3.1,1.1,10.6,26.6,6.6,2.7,9.3,.255,5.4,2.3,7.7,4.3
Robert Williams,52,985,25.7,.719,.008,.283,14.9,25.6,20.2,14.2,2.1,8.6,15.2,15.0,3.4,1.9,5.3,.258,2.9,3.1,6.0,2.0
Cody Martin,52,849,10.6,.500,.309,.229,6.5,14.1,10.3,13.9,2.1,1.4,16.2,12.5,0.2,0.9,1.1,.061,-2.7,0.7,-2.0,0.0
Jordan Poole,51,988,15.1,.581,.582,.251,1.6,8.2,5.0,15.4,1.2,0.8,8.8,25.0,1.1,0.9,1.9,.094,0.7,-1.2,-0.5,0.4
Jordan McLaughlin,51,938,12.0,.502,.380,.124,2.3,10.4,6.2,28.0,2.6,0.6,16.7,13.7,0.6,0.6,1.2,.062,-2.0,0.2,-1.7,0.1
Sterling Brown,51,1229,11.1,.597,.642,.093,3.2,16.8,9.7,8.4,1.5,0.9,10.5,13.5,1.0,0.8,1.8,.071,-1.6,0.0,-1.6,0.1
Lauri Markkanen,51,1317,15.2,.619,.568,.177,3.0,19.4,11.3,5.0,1.0,1.0,8.5,20.2,1.7,1.3,3.0,.109,1.0,-0.9,0.1,0.7
DeAndre' Bembry,51,972,11.2,.570,.232,.289,3.6,13.3,8.3,15.6,2.6,1.9,21.6,14.6,0.1,1.1,1.2,.059,-3.2,1.4,-1.9,0.0
Jarrett Allen,51,1544,19.8,.649,.046,.549,11.2,25.9,18.3,8.8,0.8,4.1,13.1,16.8,3.4,1.6,5.0,.155,1.2,-0.4,0.8,1.1
Mike Conley,51,1498,19.2,.589,.523,.222,2.7,9.6,6.3,30.6,2.3,0.5,12.4,23.1,4.0,2.1,6.1,.197,3.6,1.3,4.9,2.6
Danilo Gallinari,51,1222,16.3,.613,.535,.366,1.6,17.0,9.5,9.2,1.2,0.7,7.2,21.2,2.7,1.0,3.7,.146,1.7,-0.6,1.1,1.0
LaMelo Ball,51,1469,17.5,.539,.388,.246,4.6,17.9,11.1,33.9,2.7,1.2,16.3,26.1,1.0,1.9,2.8,.093,1.1,0.7,1.8,1.4
Joel Embiid,51,1585,30.3,.636,.171,.610,8.0,29.1,18.7,16.2,1.5,3.9,12.2,35.3,5.6,3.2,8.8,.266,6.3,1.2,7.5,3.8
Mike Scott,51,852,6.8,.492,.735,.057,1.4,13.8,7.8,6.1,1.4,1.5,8.1,11.9,-0.1,1.1,1.0,.058,-3.2,0.3,-2.8,-0.2
Grayson Allen,50,1259,12.8,.586,.662,.220,1.6,12.0,6.7,11.5,1.7,0.6,9.6,16.8,1.5,1.2,2.7,.101,-0.2,0.1,-0.2,0.6
Karl-Anthony Towns,50,1689,23.1,.612,.360,.355,8.2,26.4,17.0,22.6,1.1,2.9,13.7,29.1,3.8,1.6,5.4,.153,4.3,0.2,4.5,2.8
Yuta Watanabe,50,723,12.2,.565,.500,.161,5.3,19.4,12.1,7.7,1.7,2.6,9.0,12.7,0.7,0.8,1.5,.102,-1.1,0.5,-0.7,0.2
Dario Šarić,50,871,14.3,.567,.395,.289,6.1,18.4,12.4,10.4,1.7,0.4,12.9,22.6,0.7,1.0,1.7,.093,-1.4,-0.6,-2.0,0.0
PJ Dozier,50,1088,10.4,.501,.420,.186,3.7,15.3,9.5,11.2,1.4,2.0,10.7,17.2,0.1,1.1,1.1,.051,-2.3,-0.4,-2.6,-0.2
Maxi Kleber,50,1341,10.6,.606,.771,.135,3.9,17.4,10.7,6.6,0.9,2.4,9.3,10.6,1.6,1.3,2.9,.103,-0.5,0.5,0.0,0.7
Onyeka Okongwu,50,601,16.8,.655,.020,.383,11.5,18.0,14.9,4.4,1.9,4.8,14.3,14.7,1.1,0.8,1.9,.155,-2.2,0.8,-1.4,0.1
Goran Dragić,50,1337,13.0,.552,.440,.220,2.2,12.1,7.2,25.9,1.2,0.6,16.2,24.5,0.2,1.2,1.3,.048,-1.1,-1.3,-2.3,-0.1
Gabe Vincent,50,655,7.6,.498,.639,.099,1.8,7.9,4.9,15.1,1.6,0.3,12.3,19.1,-0.4,0.5,0.2,.011,-4.5,-0.9,-5.4,-0.6
Alec Burks,49,1255,14.8,.564,.492,.236,1.8,17.6,9.8,13.2,1.2,1.1,8.2,21.3,1.5,1.8,3.3,.126,0.9,0.6,1.5,1.1
Nassir Little,48,640,11.6,.589,.479,.269,5.2,16.5,10.7,4.9,0.4,1.8,8.8,13.8,0.9,0.2,1.1,.082,-1.1,-1.6,-2.7,-0.1
Khem Birch,48,952,14.1,.517,.100,.407,12.3,14.2,13.2,8.0,1.6,2.7,8.5,12.2,1.3,0.8,2.1,.106,-1.7,0.1,-1.6,0.1
Saben Lee,48,781,13.8,.536,.110,.424,2.8,11.1,6.9,33.2,2.0,1.5,18.1,17.0,0.7,0.8,1.5,.091,-2.1,0.2,-2.0,0.0
Jamal Murray,48,1704,18.3,.592,.399,.193,2.5,10.4,6.5,20.3,1.9,0.7,11.2,24.8,3.1,1.5,4.6,.129,2.7,-0.7,2.0,1.7
Marcus Smart,48,1581,13.8,.539,.553,.318,2.5,9.3,5.9,23.6,2.2,1.4,14.2,18.4,1.8,1.5,3.3,.100,-0.4,0.2,-0.3,0.7
Cody Zeller,48,1005,18.2,.599,.086,.367,12.6,22.9,17.7,13.2,1.3,1.7,11.9,18.3,2.1,1.1,3.3,.156,-0.2,-0.2,-0.5,0.4
CJ McCollum,47,1600,20.8,.577,.475,.150,2.0,10.6,6.2,23.0,1.3,1.2,6.5,27.1,4.1,0.6,4.7,.141,5.0,-1.1,3.9,2.4
Josh Hart,47,1349,12.2,.566,.561,.259,4.3,26.1,15.2,10.6,1.4,0.8,11.3,13.5,1.4,1.3,2.7,.097,-1.1,0.3,-0.8,0.4
Willy Hernangómez,47,846,19.6,.591,.037,.347,15.0,27.8,21.4,8.5,1.2,2.6,9.9,17.0,1.9,1.0,2.9,.163,1.0,-1.0,0.0,0.4
Malachi Flynn,47,928,10.9,.484,.494,.165,1.1,13.0,6.9,21.4,2.0,0.8,10.5,19.0,0.0,0.8,0.8,.041,-2.5,-0.2,-2.6,-0.1
Cole Anthony,47,1273,12.1,.496,.312,.237,3.0,15.4,9.0,24.2,1.1,1.3,14.8,24.3,-0.9,0.9,0.0,-0.001,-1.9,-1.4,-3.3,-0.4
Frank Kaminsky,47,715,15.8,.547,.331,.233,5.8,23.7,14.9,15.3,1.0,2.1,7.2,19.0,1.1,0.9,2.0,.133,0.4,0.8,1.3,0.6
Monte Morris,47,1196,14.0,.574,.346,.189,1.0,8.0,4.6,17.1,1.4,1.1,7.5,16.5,2.0,0.8,2.9,.115,0.1,-0.5,-0.3,0.5
Tony Snell,47,992,9.5,.708,.637,.064,2.0,10.2,6.2,7.9,0.6,1.0,10.7,8.6,1.6,0.5,2.0,.099,-0.4,-0.1,-0.5,0.4
Brandon Goodwin,47,620,9.2,.471,.462,.193,1.4,10.6,6.1,21.6,1.3,0.0,13.0,19.5,-0.2,0.4,0.2,.013,-2.5,-0.6,-3.1,-0.2
Myles Turner,47,1455,15.3,.599,.477,.329,4.7,18.0,11.4,4.4,1.3,8.8,11.9,16.4,1.1,2.2,3.3,.110,-1.6,2.0,0.4,0.9
Jalen McDaniels,47,904,11.4,.554,.370,.225,5.3,15.1,10.1,8.6,1.5,2.1,12.6,17.0,0.3,0.9,1.2,.062,-2.8,-0.4,-3.2,-0.3
Nickeil Alexander-Walker,46,1007,12.5,.522,.478,.144,1.4,14.1,7.8,14.7,2.2,2.1,12.4,23.2,-0.3,1.0,0.7,.035,-1.4,0.1,-1.3,0.2
Kyle Lowry,46,1601,16.5,.593,.555,.268,2.3,15.1,8.5,31.8,1.4,0.9,15.9,21.4,2.9,1.3,4.1,.124,2.0,-0.4,1.6,1.5
Damyean Dotson,46,907,8.1,.499,.543,.123,0.6,11.1,5.7,15.1,0.9,0.4,12.0,16.9,-0.4,0.3,0.0,-0.002,-3.4,-1.4,-4.8,-0.6
Terrence Ross,46,1347,13.2,.530,.429,.224,1.1,11.4,6.1,13.2,1.7,1.4,9.9,24.1,-0.1,1.0,0.9,.030,-1.4,-0.8,-2.3,-0.1
Mo Bamba,46,725,19.3,.556,.392,.219,10.5,28.0,19.0,8.1,0.9,7.3,9.8,21.8,0.7,1.1,1.8,.117,0.2,0.0,0.1,0.4
Wayne Ellington,46,1012,12.2,.625,.814,.104,1.3,8.1,4.7,10.2,0.9,0.8,8.5,16.7,1.3,0.5,1.9,.088,1.1,-1.3,-0.2,0.5
Aaron Nesmith,46,669,9.4,.573,.607,.157,4.6,16.6,10.6,4.6,1.1,1.3,10.8,13.7,0.5,0.6,1.1,.076,-2.8,-0.4,-3.2,-0.2
LeBron James,45,1504,24.2,.602,.346,.310,2.2,23.6,12.9,41.8,1.6,1.5,15.2,31.9,3.0,2.6,5.6,.179,5.9,2.3,8.1,3.8
Jake Layman,45,627,11.4,.577,.424,.201,2.2,9.7,5.8,6.4,2.2,2.6,11.5,15.1,0.2,0.5,0.7,.051,-2.2,0.2,-2.1,0.0
Aleksej Pokusevski,45,1090,6.1,.430,.507,.103,2.8,17.6,10.1,13.1,0.9,3.4,18.8,20.5,-2.9,1.0,-1.9,-0.084,-5.1,-1.0,-6.1,-1.1
Kenyon Martin Jr.,45,1068,14.6,.590,.302,.264,7.0,17.6,12.1,6.8,1.3,3.4,9.7,15.6,1.3,0.9,2.2,.099,-1.4,-0.4,-1.8,0.0
Chuma Okeke,45,1133,11.8,.511,.435,.123,3.7,13.2,8.3,13.2,2.1,1.8,10.0,14.5,0.3,1.0,1.3,.056,-1.9,0.5,-1.5,0.1
Taj Gibson,45,936,16.0,.661,.095,.348,11.6,17.3,14.5,5.4,1.7,5.0,10.8,9.7,2.1,1.7,3.8,.195,-0.7,2.1,1.3,0.8
Goga Bitadze,45,561,16.3,.523,.407,.314,11.7,17.3,14.5,8.9,0.8,8.7,7.1,18.1,0.7,0.8,1.5,.129,-2.0,1.0,-1.0,0.1
Cory Joseph,44,944,9.9,.534,.376,.188,2.9,8.8,5.8,14.9,2.0,0.8,14.0,14.3,0.4,0.3,0.7,.037,-3.0,-0.3,-3.3,-0.3
Ryan Arcidiacono,44,450,9.8,.541,.573,.171,1.2,15.1,8.3,16.3,1.0,0.0,7.4,13.1,0.5,0.4,0.9,.093,-2.6,0.3,-2.3,0.0
Nikola Vučević,44,1500,23.5,.565,.317,.121,5.8,30.8,17.9,22.1,1.4,1.7,8.0,29.9,2.1,1.8,3.9,.125,5.5,0.4,5.9,3.0
Amir Coffey,44,394,10.1,.585,.544,.369,2.9,9.4,6.3,7.4,1.3,0.0,11.1,15.1,0.4,0.3,0.7,.085,-1.9,-0.1,-2.0,0.0
Bogdan Bogdanović,44,1305,17.6,.616,.589,.078,1.7,11.5,6.7,17.6,1.8,0.9,8.5,21.3,2.8,1.1,3.9,.142,3.3,0.3,3.6,1.8
Ish Smith,44,924,11.6,.473,.165,.111,2.5,14.6,8.6,24.7,1.6,1.2,11.6,15.8,0.2,0.9,1.1,.056,-2.1,0.5,-1.5,0.1
Gordon Hayward,44,1496,17.6,.584,.312,.281,2.6,16.3,9.3,19.5,1.7,0.9,11.0,23.9,2.2,1.4,3.5,.114,1.6,-0.1,1.6,1.4
John Konchar,43,575,14.8,.608,.406,.217,6.4,17.3,11.8,10.7,2.5,1.4,10.6,12.4,0.9,0.8,1.7,.145,-0.2,1.4,1.2,0.5
Marvin Bagley III,43,1112,16.3,.554,.220,.273,10.4,21.5,15.9,5.8,0.9,1.6,9.7,23.5,0.9,0.5,1.4,.059,-0.4,-2.7,-3.1,-0.3
Moses Brown,43,920,18.8,.572,.000,.470,17.2,26.2,21.6,1.7,1.6,4.5,11.7,16.9,1.3,1.3,2.6,.138,-1.3,-1.2,-2.4,-0.1
OG Anunoby,43,1433,15.4,.605,.503,.197,4.0,14.6,9.1,10.1,2.2,2.2,11.7,19.3,1.5,1.6,3.1,.104,0.8,0.4,1.2,1.2
Kristaps Porziņģis,43,1327,21.3,.582,.378,.202,6.9,24.6,15.8,8.4,0.7,4.1,6.4,26.5,2.6,1.7,4.3,.154,3.0,-0.8,2.2,1.4
Kelly Olynyk,43,1157,12.1,.549,.646,.106,4.4,21.1,12.9,11.7,1.7,2.4,12.3,17.5,0.3,1.6,1.9,.078,-1.6,1.0,-0.7,0.4
Kemba Walker,43,1369,17.7,.559,.522,.220,1.3,12.6,6.9,23.8,1.7,0.8,10.6,26.1,2.1,1.1,3.3,.115,2.8,-0.7,2.1,1.4
D'Angelo Russell,42,1196,17.6,.555,.475,.229,1.4,8.9,5.0,33.6,1.8,1.3,13.5,29.1,1.0,0.6,1.6,.063,3.3,-1.7,1.6,1.1
Jaylen Nowell,42,759,12.3,.528,.448,.164,2.6,11.3,6.8,12.5,1.4,1.4,7.2,21.4,0.3,0.4,0.7,.044,-1.5,-1.4,-2.8,-0.2
Norman Powell,42,1277,17.7,.645,.475,.288,1.6,9.6,5.4,10.0,1.8,0.6,10.8,24.2,2.3,0.9,3.2,.120,2.2,-0.7,1.5,1.1
Zeke Nnaji,42,397,11.3,.615,.567,.144,4.0,14.5,9.3,3.3,1.0,1.0,6.0,12.9,0.6,0.3,0.9,.104,-0.6,-1.1,-1.7,0.0
Lou Williams,42,918,15.7,.529,.277,.277,1.9,8.7,5.4,23.3,2.1,0.4,12.0,26.5,0.7,0.9,1.6,.084,-0.5,-1.0,-1.5,0.1
Kevin Knox,42,464,9.1,.537,.622,.140,2.4,11.8,7.1,5.9,1.3,1.2,10.1,16.2,0.0,0.6,0.6,.065,-1.7,0.4,-1.4,0.1
Daniel Theis,42,1027,15.0,.625,.330,.233,5.8,18.1,11.9,9.3,1.2,3.9,11.4,15.0,1.7,1.2,2.9,.134,-0.6,1.0,0.4,0.6
Malik Monk,42,878,13.6,.569,.531,.180,1.7,10.9,6.2,15.7,1.1,0.5,11.3,23.8,0.5,0.5,1.0,.054,0.2,-2.0,-1.8,0.0
Gary Trent Jr.,41,1262,12.4,.550,.582,.143,1.7,6.1,3.9,6.7,1.4,0.4,5.3,20.1,1.2,0.3,1.5,.056,-0.1,-1.8,-1.9,0.0
Christian Wood,41,1326,20.0,.591,.322,.309,5.9,26.8,15.9,9.4,1.2,3.2,9.9,25.9,1.4,1.4,2.8,.100,1.7,-0.3,1.4,1.1
James Ennis III,41,986,12.5,.613,.428,.358,4.4,13.4,8.7,9.3,1.6,0.6,11.3,13.9,1.3,0.7,2.0,.097,-1.9,-0.3,-2.2,-0.1
Chasson Randle,41,837,7.4,.515,.549,.203,0.8,9.6,5.1,12.9,1.3,0.5,15.1,15.7,-0.4,0.4,0.0,-0.001,-4.8,-1.1,-5.9,-0.8
Vlatko Čančar,41,281,9.7,.547,.458,.181,4.5,15.7,10.1,6.4,1.9,0.7,15.3,14.2,0.0,0.3,0.3,.053,-2.6,0.0,-2.6,0.0
Serge Ibaka,41,955,18.2,.585,.315,.145,8.9,23.1,16.2,11.5,0.5,4.4,10.2,20.1,1.7,1.3,3.0,.150,1.2,0.2,1.4,0.8
Isaiah Joe,41,383,9.5,.533,.797,.180,1.8,8.5,5.2,7.2,1.5,0.9,7.1,17.4,0.2,0.4,0.6,.078,-2.0,-1.0,-3.0,-0.1
Eric Paschall,40,695,13.4,.561,.181,.315,4.3,15.1,9.8,11.4,0.8,0.9,11.2,23.5,0.2,0.7,0.9,.062,-1.8,-0.9,-2.7,-0.1
John Wall,40,1288,15.4,.503,.343,.291,1.3,9.7,5.3,36.2,1.5,2.1,14.7,31.7,-1.0,0.8,-0.2,-0.007,1.2,-1.9,-0.7,0.4
Lamar Stevens,40,499,10.5,.521,.184,.375,5.3,16.6,10.8,7.4,1.7,2.3,12.7,15.8,0.0,0.5,0.4,.043,-4.2,0.0,-4.2,-0.3
Frank Jackson,40,738,13.2,.598,.512,.256,2.2,10.8,6.5,7.9,1.0,0.1,9.4,21.3,0.7,0.4,1.2,.076,-0.1,-1.6,-1.7,0.1
Langston Galloway,40,438,12.1,.605,.578,.156,1.8,8.9,5.4,8.0,0.9,0.0,7.6,17.3,0.6,0.3,0.9,.096,-0.1,-0.8,-0.9,0.1
Isaac Bonga,40,432,4.0,.461,.580,.099,4.4,11.7,8.1,6.5,1.2,1.7,20.7,10.2,-0.4,0.4,0.0,-0.001,-5.8,0.0,-5.8,-0.4
Alfonzo McKinnie,39,258,15.5,.604,.419,.194,9.6,13.9,11.8,3.6,1.3,0.0,4.7,17.8,0.5,0.3,0.8,.156,0.3,-0.8,-0.4,0.1
James Wiseman,39,836,13.1,.552,.103,.234,7.1,21.5,14.4,4.9,0.6,3.8,12.9,23.8,-0.4,1.2,0.7,.042,-4.0,-1.0,-5.0,-0.6
Brad Wanamaker,39,625,8.5,.468,.353,.324,1.4,9.8,5.6,20.8,2.0,0.8,15.8,16.0,-0.2,0.7,0.5,.036,-4.4,0.9,-3.5,-0.2
Josh Green,39,445,8.8,.490,.269,.247,7.0,12.3,9.7,8.3,1.8,0.6,14.2,11.9,0.1,0.4,0.5,.050,-3.7,0.1,-3.6,-0.2
Tyler Johnson,39,684,8.2,.546,.721,.115,1.0,10.9,6.2,8.7,1.0,0.0,8.1,13.3,0.4,0.3,0.7,.049,-2.4,-1.0,-3.4,-0.2
Max Strus,39,507,12.1,.597,.791,.128,1.1,8.0,4.6,7.3,1.1,0.4,3.9,18.3,0.6,0.3,0.9,.088,-0.5,-1.7,-2.2,0.0
Rodney Hood,38,726,5.0,.436,.418,.060,2.6,8.3,5.4,8.5,1.3,0.5,13.1,14.1,-0.7,0.2,-0.5,-0.034,-5.3,-1.5,-6.8,-0.9
Harry Giles,38,348,12.4,.496,.237,.278,9.3,32.2,20.4,11.3,1.1,3.3,15.5,15.9,0.1,0.4,0.5,.069,-3.2,0.2,-2.9,-0.1
Patrick Patterson,38,582,10.9,.571,.679,.103,3.8,10.5,7.2,6.7,1.2,1.2,6.0,14.0,0.7,0.5,1.2,.101,-0.4,-0.1,-0.6,0.2
Jusuf Nurkić,37,880,20.5,.554,.090,.339,10.2,30.7,20.2,21.4,2.1,4.0,16.0,22.3,1.2,1.2,2.4,.133,0.7,1.8,2.5,1.0
Tre Jones,37,269,12.1,.544,.064,.244,3.1,5.2,4.2,20.0,1.4,0.0,13.1,16.1,0.2,0.1,0.4,.066,-2.2,-1.3,-3.5,-0.1
Malik Beasley,37,1214,14.6,.570,.535,.133,2.4,12.4,7.2,11.6,1.2,0.5,8.6,24.0,0.9,0.4,1.3,.053,1.6,-1.8,-0.2,0.6
Markus Howard,37,205,6.4,.477,.613,.085,0.6,11.0,5.8,12.6,1.0,0.5,14.1,27.2,-0.4,0.1,-0.3,-0.068,-5.5,-3.2,-8.7,-0.3
Patrick Beverley,37,832,12.0,.580,.641,.205,4.0,11.8,8.0,12.0,1.7,3.0,12.4,14.6,1.0,1.0,2.1,.119,-0.7,1.4,0.7,0.6
D.J. Augustin,37,713,10.2,.542,.672,.208,1.7,5.5,3.7,18.6,1.3,0.1,14.0,14.3,0.8,0.4,1.2,.080,-1.3,-0.9,-2.2,0.0
KZ Okpala,37,447,5.2,.448,.521,.156,5.5,11.8,8.7,5.8,1.1,2.6,12.8,11.9,-0.3,0.4,0.1,.015,-6.5,-0.6,-7.1,-0.6
Anthony Davis,36,1162,22.1,.556,.163,.349,6.0,21.5,13.8,16.4,1.9,4.5,9.5,29.2,1.3,2.4,3.7,.152,2.6,2.2,4.8,2.0
Derrick White,36,1064,15.0,.550,.536,.252,1.3,9.6,5.4,17.4,1.2,2.9,8.2,22.4,1.0,0.9,1.9,.085,1.3,0.0,1.3,0.9
Hassan Whiteside,36,546,19.2,.566,.004,.353,12.2,31.8,21.9,5.6,0.8,7.1,13.4,23.5,0.3,0.6,0.9,.081,-1.8,-0.4,-2.2,0.0
Chimezie Metu,36,488,14.5,.571,.207,.240,7.0,18.7,12.7,8.2,1.4,3.1,12.8,20.0,0.3,0.3,0.6,.061,-2.2,-1.3,-3.6,-0.2
Justin James,36,310,11.3,.548,.342,.324,3.2,7.6,5.4,9.9,1.2,0.8,10.6,19.7,0.1,0.0,0.1,.020,-2.0,-2.3,-4.3,-0.2
Danuel House Jr.,36,932,9.1,.525,.574,.232,2.0,13.6,7.5,10.6,1.0,1.5,10.7,15.3,0.0,0.5,0.5,.026,-2.8,-0.7,-3.5,-0.3
Delon Wright,36,1052,16.5,.562,.304,.307,3.9,13.6,8.7,25.7,2.7,1.6,12.6,15.8,1.7,1.3,2.9,.134,0.7,2.2,2.9,1.3
Svi Mykhailiuk,36,634,10.2,.527,.767,.135,1.9,11.2,6.5,13.5,2.1,0.8,14.2,19.0,-0.3,0.6,0.3,.025,-1.5,-0.2,-1.8,0.0
James Harden,36,1319,25.0,.619,.437,.439,2.6,22.1,12.9,43.8,1.7,1.8,16.7,28.4,4.5,1.5,6.0,.219,6.4,1.3,7.7,3.2
Jeremy Lamb,36,765,15.8,.587,.464,.272,3.6,14.9,9.3,9.4,2.1,2.4,6.6,18.4,1.2,0.9,2.1,.132,0.7,0.7,1.4,0.7
Shai Gilgeous-Alexander,35,1180,21.6,.623,.301,.405,1.7,13.1,7.3,31.2,1.1,1.7,13.7,27.8,2.7,0.8,3.5,.143,3.9,0.2,4.1,1.8
Mike Muscala,35,645,14.7,.599,.689,.135,3.0,18.4,10.6,7.0,0.6,1.5,6.9,20.0,0.9,0.4,1.3,.096,0.9,-1.0,-0.1,0.3
Larry Nance Jr.,35,1091,13.2,.557,.419,.180,5.4,19.0,12.1,14.4,2.8,1.4,15.8,13.9,0.5,1.3,1.8,.080,-1.4,1.8,0.4,0.7
Gary Clark,35,637,6.1,.439,.824,.076,5.2,13.3,9.1,6.4,0.9,1.0,11.2,10.3,-0.2,0.3,0.1,.007,-4.2,-0.7,-4.9,-0.5
Kevin Durant,35,1157,26.4,.666,.313,.395,1.3,21.3,11.8,27.5,1.0,3.4,14.5,31.2,3.7,1.2,5.0,.206,6.4,0.8,7.2,2.7
Derrick Rose,35,937,18.8,.565,.211,.180,1.6,10.0,5.9,26.3,1.7,1.5,9.6,24.3,1.5,1.2,2.8,.142,1.9,0.5,2.4,1.0
Caris LeVert,35,1152,17.4,.535,.318,.238,2.2,13.0,7.6,22.9,2.2,1.7,10.1,27.9,0.6,1.2,1.8,.075,0.5,-0.5,0.0,0.6
Kelan Martin,35,322,13.9,.551,.435,.072,6.1,20.1,13.1,7.5,1.5,2.5,10.1,20.9,0.1,0.4,0.4,.066,-1.1,-1.3,-2.4,0.0
Jarrett Culver,34,499,8.8,.476,.315,.286,7.1,15.8,11.3,6.8,1.6,1.6,12.9,18.2,-0.4,0.3,-0.1,-0.006,-4.5,-1.1,-5.6,-0.5
Terence Davis,34,493,11.1,.537,.581,.086,1.9,13.2,7.4,11.6,1.7,1.4,11.7,21.6,-0.2,0.4,0.3,.026,-1.8,-0.8,-2.6,-0.1
Jeff Teague,34,616,11.4,.542,.298,.324,1.8,8.6,5.2,16.2,2.1,1.1,15.4,17.7,0.3,0.5,0.8,.062,-2.4,-0.3,-2.7,-0.1
Luka Šamanić,33,308,9.8,.518,.410,.276,5.4,18.3,11.7,6.9,1.3,2.2,14.5,19.5,-0.2,0.3,0.1,.015,-4.2,-0.7,-4.9,-0.2
Ty Jerome,33,788,13.4,.585,.585,.118,1.3,10.8,6.0,23.7,1.2,0.7,13.5,18.8,0.9,0.4,1.3,.079,0.1,-0.8,-0.7,0.3
Justin Jackson,33,544,10.7,.519,.524,.165,2.6,11.0,6.8,14.5,1.3,0.3,12.0,20.2,-0.1,0.3,0.2,.019,-2.3,-1.0,-3.2,-0.2
JaVale McGee,33,503,18.4,.554,.093,.256,11.7,26.5,18.9,11.4,1.6,7.1,15.8,24.6,0.0,0.8,0.8,.074,-2.3,1.2,-1.1,0.1
Boban Marjanović,33,271,22.6,.562,.066,.311,19.3,32.7,26.0,5.9,0.4,2.1,8.0,24.6,0.7,0.3,1.0,.183,1.9,-2.6,-0.8,0.1
Frank Ntilikina,33,322,7.7,.512,.608,.228,2.0,8.3,5.2,8.1,2.8,1.2,11.2,13.6,0.0,0.5,0.5,.070,-4.2,2.5,-1.7,0.0
Nathan Knight,33,279,13.9,.499,.330,.550,10.8,17.3,14.1,4.0,1.6,3.2,10.8,21.7,0.1,0.3,0.4,.070,-2.6,-1.0,-3.7,-0.1
Skylar Mays,33,269,16.8,.569,.408,.255,4.2,10.0,7.1,16.4,2.6,0.7,7.6,19.1,0.5,0.3,0.8,.140,1.2,0.7,1.9,0.3
Bruno Fernando,33,226,6.2,.475,.045,.500,7.9,29.4,18.9,5.8,0.9,1.2,28.1,14.4,-0.3,0.3,-0.1,-0.019,-6.1,-0.4,-6.5,-0.3
Naji Marshall,32,700,11.4,.508,.397,.359,2.3,20.6,11.5,16.5,1.8,1.4,13.6,16.8,0.2,0.7,0.9,.061,-2.1,0.8,-1.3,0.1
Hamidou Diallo,32,761,15.0,.536,.138,.444,5.0,17.7,11.3,16.4,1.9,1.4,12.1,22.5,0.3,0.8,1.0,.065,-2.1,0.6,-1.5,0.1
P.J. Tucker,32,959,5.5,.500,.656,.176,3.5,13.3,8.2,6.1,1.4,1.7,19.0,7.7,-0.2,0.6,0.4,.021,-5.3,0.7,-4.6,-0.6
Ben McLemore,32,537,8.3,.500,.741,.143,2.1,11.4,6.6,7.8,1.8,0.5,10.5,21.1,-0.5,0.3,-0.2,-0.019,-3.4,-1.1,-4.5,-0.3
Wendell Carter Jr.,32,792,16.3,.578,.087,.440,9.9,24.9,17.5,12.3,1.1,2.6,14.0,19.1,1.1,1.0,2.1,.130,-1.4,0.4,-1.0,0.2
Torrey Craig,32,602,15.5,.603,.464,.110,8.4,20.4,14.5,7.4,1.6,2.8,9.5,15.5,1.0,0.8,1.8,.145,0.4,0.4,0.8,0.4
Bol Bol,32,160,9.4,.534,.414,.259,0.0,16.9,8.5,6.0,0.9,6.1,16.8,21.2,-0.2,0.2,0.0,-0.004,-3.8,-0.3,-4.1,-0.1
Nic Claxton,32,594,16.9,.612,.034,.441,8.4,21.8,15.4,6.4,1.9,5.9,9.4,14.0,1.0,0.9,1.9,.153,-1.0,1.4,0.4,0.4
J.J. Redick,31,576,10.9,.575,.654,.220,0.6,9.2,4.9,9.6,0.7,0.3,9.6,19.0,0.6,0.2,0.8,.065,-0.8,-2.0,-2.8,-0.1
Kyle Guy,31,235,8.5,.449,.523,.227,2.3,14.4,8.3,17.9,1.2,0.0,10.2,19.7,-0.1,0.1,-0.1,-0.015,-3.7,-2.1,-5.8,-0.2
Daniel Gafford,31,383,18.8,.700,.000,.471,12.9,16.9,14.9,6.2,1.4,7.7,17.3,14.4,0.8,0.6,1.5,.182,-1.3,1.6,0.3,0.2
Dylan Windler,31,513,10.8,.567,.592,.208,4.3,19.5,11.7,9.4,1.8,2.1,18.4,14.8,0.0,0.5,0.5,.045,-2.0,0.3,-1.7,0.0
Michael Carter-Williams,31,800,9.5,.449,.226,.296,4.9,13.4,9.0,24.3,1.5,1.9,18.4,20.2,-1.1,0.6,-0.5,-0.028,-4.6,-0.2,-4.8,-0.6
Mitchell Robinson,31,853,17.7,.642,.000,.301,14.5,17.5,16.0,2.9,2.1,5.0,11.5,11.8,1.8,1.7,3.4,.192,-0.3,1.5,1.2,0.7
Carsen Edwards,31,276,10.2,.527,.568,.117,1.2,9.4,5.2,7.4,1.2,0.3,5.7,19.3,0.1,0.2,0.3,.051,-3.2,-1.3,-4.5,-0.2
CJ Elleby,30,192,9.4,.468,.515,.227,6.0,12.0,8.9,7.1,1.5,1.4,6.4,17.4,0.0,0.1,0.1,.032,-4.0,-0.9,-4.9,-0.1
Keita Bates-Diop,30,245,12.0,.518,.254,.313,3.8,17.7,10.6,6.6,2.2,1.7,8.4,14.8,0.1,0.3,0.3,.068,-2.3,0.4,-1.9,0.0
Nico Mannion,30,364,9.3,.487,.526,.246,1.8,11.5,6.7,25.6,2.1,0.2,19.7,18.5,-0.2,0.4,0.2,.029,-3.4,-0.5,-3.9,-0.2
Svi Mykhailiuk,30,690,10.6,.531,.505,.071,1.9,11.6,6.7,12.3,1.7,0.8,14.4,21.0,-0.5,0.5,-0.1,-0.004,-2.3,-1.1,-3.3,-0.2
David Nwaba,30,679,14.4,.557,.289,.312,6.0,12.8,9.3,6.9,2.1,2.8,6.4,16.6,0.7,0.6,1.3,.094,-1.4,0.6,-0.8,0.2
Trent Forrest,30,302,11.2,.554,.366,.268,4.0,11.1,7.7,19.9,1.5,1.1,20.9,14.3,0.3,0.4,0.7,.106,-2.5,1.2,-1.3,0.1
Isaiah Hartenstein,30,272,15.5,.543,.000,.450,16.7,18.7,17.7,7.5,2.0,7.2,18.0,18.7,0.2,0.5,0.7,.115,-4.3,0.6,-3.7,-0.1
Daniel Oturu,30,161,12.5,.471,.096,.231,15.1,18.3,16.8,8.5,1.2,3.9,13.6,18.2,0.0,0.2,0.3,.081,-4.1,-1.1,-5.2,-0.1
Jordan Nwora,30,274,16.1,.586,.459,.185,3.6,18.9,11.5,3.6,2.7,2.3,14.1,26.0,0.0,0.4,0.4,.068,-0.7,-0.4,-1.1,0.1
Sam Merrill,30,233,11.9,.603,.653,.056,2.8,10.4,6.8,11.4,1.6,0.4,11.9,15.0,0.3,0.2,0.5,.102,-0.7,-0.3,-1.0,0.1
Trevor Ariza,30,841,11.9,.542,.593,.183,3.7,15.6,9.8,9.4,1.8,2.2,7.5,15.1,0.5,1.0,1.6,.091,-1.2,0.1,-1.1,0.2
Taurean Prince,29,687,12.2,.532,.466,.194,2.7,15.2,8.8,15.5,1.4,1.9,11.6,19.7,0.2,0.5,0.7,.049,-0.9,-0.8,-1.7,0.0
Juwan Morgan,29,147,8.5,.529,.433,.233,6.8,13.1,10.1,8.0,1.3,0.6,10.8,10.9,0.1,0.2,0.3,.105,-3.5,1.2,-2.3,0.0
James Johnson,29,504,12.2,.526,.414,.200,3.1,15.6,9.4,13.7,2.3,4.2,14.6,16.2,0.0,0.7,0.8,.073,-2.0,2.5,0.5,0.3
JaKarr Sampson,29,316,10.9,.533,.133,.257,9.3,17.1,13.2,1.8,0.3,3.6,10.7,19.0,0.0,0.3,0.3,.044,-5.2,-2.3,-7.5,-0.4
Al Horford,28,782,17.4,.538,.422,.061,3.8,21.4,12.5,20.1,1.5,2.9,7.3,21.6,0.8,0.9,1.6,.101,2.0,1.4,3.4,1.1
Brodric Thomas,28,375,8.0,.487,.525,.386,2.0,12.8,7.3,9.9,1.8,2.1,13.2,15.8,-0.2,0.3,0.1,.010,-4.5,0.3,-4.3,-0.2
Tyler Cook,28,421,13.2,.667,.020,.350,7.1,17.6,12.3,5.6,0.9,0.4,14.8,14.1,0.5,0.3,0.8,.096,-2.0,-0.8,-2.9,-0.1
Jarrell Brantley,28,138,16.6,.605,.538,.038,7.2,13.3,10.4,16.1,2.5,1.2,13.1,19.0,0.3,0.2,0.5,.172,0.6,1.6,2.2,0.1
Norman Powell,27,928,14.2,.576,.418,.307,2.6,7.8,5.1,8.1,1.8,1.0,9.5,20.5,1.1,0.4,1.5,.078,-0.5,-0.7,-1.2,0.2
Delon Wright,27,696,15.9,.563,.369,.160,4.4,12.5,8.4,18.9,3.0,1.3,12.7,17.1,0.8,0.5,1.3,.092,0.5,0.6,1.2,0.6
Terence Davis,27,581,14.0,.570,.589,.150,2.1,14.9,8.4,11.3,2.2,1.0,11.5,21.9,0.2,0.3,0.6,.047,-0.1,-0.9,-0.9,0.2
Kelly Olynyk,27,840,22.3,.674,.389,.421,5.2,24.5,14.5,21.9,2.2,1.7,15.7,22.9,2.2,1.0,3.2,.182,2.9,0.9,3.8,1.2
Eric Gordon,27,789,14.4,.577,.572,.311,1.0,7.1,3.9,14.6,0.8,1.5,10.9,25.2,0.6,0.2,0.8,.048,0.7,-1.7,-1.1,0.2
Paul Watson,27,297,10.9,.649,.780,.098,1.4,15.7,8.3,8.2,1.0,1.0,9.5,13.7,0.4,0.2,0.6,.096,-0.8,-0.6,-1.3,0.1
Jahlil Okafor,27,347,13.1,.644,.088,.235,7.3,13.9,10.6,6.1,0.8,1.3,15.7,16.8,0.3,0.3,0.6,.082,-2.5,-0.7,-3.2,-0.1
E'Twaun Moore,27,389,10.4,.523,.289,.116,4.2,8.9,6.6,13.7,1.9,1.2,15.3,17.2,0.0,0.4,0.4,.049,-3.1,0.2,-2.9,-0.1
Jalen Smith,27,156,8.4,.499,.340,.140,5.2,21.4,13.4,3.4,0.3,2.9,11.7,17.1,-0.1,0.2,0.1,.022,-4.8,-1.3,-6.1,-0.2
Rajon Rondo,27,402,9.9,.478,.409,.018,1.1,13.6,7.5,32.2,2.3,0.4,26.0,16.2,-0.2,0.4,0.2,.019,-2.8,0.3,-2.5,0.0
Justise Winslow,26,507,6.2,.395,.257,.167,3.7,21.1,12.3,13.3,1.4,2.1,14.1,21.9,-1.3,0.6,-0.7,-0.066,-6.2,0.2,-6.0,-0.5
Maurice Harkless,26,648,8.8,.526,.480,.270,1.9,11.3,6.5,7.3,2.1,2.1,10.1,12.6,0.1,0.3,0.5,.036,-3.8,0.0,-3.8,-0.3
Nemanja Bjelica,26,439,12.7,.555,.387,.280,6.0,19.5,12.6,15.3,0.9,0.4,14.3,19.3,0.3,0.1,0.5,.052,-1.3,-1.3,-2.6,-0.1
Kevin Porter Jr.,26,835,12.5,.528,.439,.256,2.4,10.5,6.3,31.2,1.1,0.9,18.2,25.4,-0.3,0.3,0.0,.000,-1.1,-2.4,-3.5,-0.3
Mason Jones,26,307,11.1,.546,.561,.500,1.3,17.0,8.9,19.1,0.9,0.3,16.8,23.1,-0.1,0.1,0.0,.007,-1.9,-1.4,-3.3,-0.1
Nikola Vučević,26,848,21.8,.550,.311,.094,7.8,31.2,19.6,20.0,1.3,2.1,7.8,28.2,1.2,1.2,2.4,.137,3.8,0.5,4.4,1.4
Matt Thomas,26,192,8.2,.545,.661,.113,1.7,10.7,6.0,6.7,0.5,0.0,8.4,16.0,0.0,0.1,0.1,.028,-1.9,-2.0,-3.9,-0.1
Evan Fournier,26,787,18.2,.604,.509,.333,0.6,9.5,4.9,20.9,1.7,1.0,11.3,26.2,1.2,0.5,1.7,.104,2.3,-0.6,1.7,0.7
R.J. Hampton,26,655,12.3,.511,.273,.277,2.9,18.0,10.2,17.8,1.2,1.1,12.9,21.5,-0.2,0.5,0.2,.018,-2.0,-1.3,-3.3,-0.2
Killian Hayes,26,670,5.3,.422,.358,.085,1.0,10.6,5.7,29.7,2.0,1.3,28.5,19.0,-1.8,0.6,-1.1,-0.081,-6.3,-0.9,-7.2,-0.9
Blake Griffin,26,560,16.3,.610,.429,.291,5.8,17.5,11.9,15.5,1.6,2.0,12.3,18.9,1.1,0.6,1.7,.142,0.5,0.3,0.8,0.4
Reggie Perry,26,211,11.0,.466,.269,.167,14.9,22.9,19.1,9.0,1.4,2.5,15.2,20.4,-0.1,0.2,0.2,.040,-5.3,-1.4,-6.7,-0.2
Cam Reddish,26,750,9.3,.488,.479,.312,3.3,11.7,7.6,6.5,2.2,1.1,10.2,19.3,-0.3,0.7,0.4,.026,-3.3,0.1,-3.2,-0.2
Tremont Waters,26,238,14.6,.541,.452,.202,2.3,7.5,4.9,36.4,3.1,0.4,22.8,21.4,0.2,0.2,0.4,.080,0.4,-0.1,0.3,0.1
Anthony Gill,26,218,13.7,.597,.400,.267,7.8,17.0,12.4,6.7,2.1,1.5,10.7,14.2,0.3,0.3,0.6,.123,-1.6,0.3,-1.3,0.0
Paul Reed,26,177,21.2,.540,.077,.103,19.0,18.9,19.0,11.0,2.7,6.6,12.8,22.7,0.2,0.4,0.6,.162,-1.8,0.8,-1.0,0.0
DeMarcus Cousins,25,506,14.9,.511,.552,.281,6.1,35.4,20.1,18.0,2.0,3.2,14.2,23.1,-0.1,0.8,0.7,.062,-1.6,1.5,-0.1,0.2
Otto Porter Jr.,25,540,14.8,.566,.470,.183,5.8,22.4,14.2,13.1,1.1,0.6,10.3,19.5,0.6,0.6,1.2,.108,0.4,-0.3,0.2,0.3
Andre Drummond,25,722,20.5,.500,.021,.339,15.3,37.5,26.1,16.2,2.7,3.6,15.6,31.3,-0.8,1.3,0.6,.037,-1.0,0.2,-0.8,0.2
Kevin Love,25,622,15.1,.556,.619,.202,3.0,31.2,16.7,16.0,1.3,0.3,12.2,21.9,0.3,0.6,0.9,.073,0.9,-0.9,-0.1,0.3
Aaron Gordon,25,736,14.9,.537,.382,.358,5.3,18.5,11.7,23.0,1.1,2.5,16.5,23.8,0.0,0.6,0.6,.037,0.5,0.1,0.6,0.5
Aaron Gordon,25,648,14.1,.564,.311,.214,6.7,13.9,10.3,11.8,1.3,2.1,11.7,17.2,0.7,0.6,1.3,.099,-0.1,-0.3,-0.4,0.3
R.J. Hampton,25,233,7.7,.490,.300,.200,4.9,19.4,12.2,7.7,1.1,0.8,14.4,14.3,-0.1,0.2,0.1,.030,-4.5,-0.9,-5.4,-0.2
Javonte Green,25,345,11.8,.624,.310,.423,6.4,10.4,8.4,4.3,2.5,0.5,13.4,12.1,0.4,0.3,0.8,.105,-1.7,1.3,-0.5,0.1
Moritz Wagner,25,375,15.4,.614,.344,.426,3.7,16.9,10.3,11.7,2.7,1.8,12.7,18.3,0.5,0.5,1.0,.134,-1.5,1.3,-0.1,0.2
